<AppLockerPolicy Version="1">
  <RuleCollection Type="Appx" EnforcementMode="AuditOnly">
    <FilePublisherRule Id="a9e18c21-ff8f-43cf-b9fc-db40eed693ba" Name="(Default Rule) All signed packaged apps" Description="Allows members of the Everyone group to run packaged apps that are signed." UserOrGroupSid="S-1-1-0" Action="Allow">
      <Conditions>
        <FilePublisherCondition PublisherName="*" ProductName="*" BinaryName="*">
          <BinaryVersionRange LowSection="0.0.0.0" HighSection="*" />
        </FilePublisherCondition>
      </Conditions>
    </FilePublisherRule>
  </RuleCollection>
  <RuleCollection Type="Dll" EnforcementMode="AuditOnly">
    <FilePublisherRule Id="0df0fe2e-f9d9-40aa-b676-8c40cda228ae" Name="___MS Recommended Block: MICROSOFT.BUILD.DLL" Description="" UserOrGroupSid="S-1-1-0" Action="Deny">
      <Conditions>
        <FilePublisherCondition PublisherName="O=MICROSOFT CORPORATION, L=REDMOND, S=WASHINGTON, C=US" ProductName="MICROSOFT® .NET FRAMEWORK" BinaryName="MICROSOFT.BUILD.DLL">
          <BinaryVersionRange LowSection="*" HighSection="*" />
        </FilePublisherCondition>
      </Conditions>
    </FilePublisherRule>
    <FilePublisherRule Id="79c21d10-f3cc-4b09-8485-8dfa1ac48704" Name="___MS Recommended Block: MICROSOFT.BUILD.FRAMEWORK.DLL" Description="" UserOrGroupSid="S-1-1-0" Action="Deny">
      <Conditions>
        <FilePublisherCondition PublisherName="O=MICROSOFT CORPORATION, L=REDMOND, S=WASHINGTON, C=US" ProductName="MICROSOFT® .NET FRAMEWORK" BinaryName="MICROSOFT.BUILD.FRAMEWORK.DLL">
          <BinaryVersionRange LowSection="*" HighSection="*" />
        </FilePublisherCondition>
      </Conditions>
    </FilePublisherRule>
    <FilePublisherRule Id="2ca3ef08-b817-44b2-94ec-ad061de90cbb" Name="___MS Recommended Block: MICROSOFT.BUILD.FRAMEWORK.DLL" Description="" UserOrGroupSid="S-1-1-0" Action="Deny">
      <Conditions>
        <FilePublisherCondition PublisherName="O=MICROSOFT CORPORATION, L=REDMOND, S=WASHINGTON, C=US" ProductName="MICROSOFT® BUILD TOOLS®" BinaryName="MICROSOFT.BUILD.FRAMEWORK.DLL">
          <BinaryVersionRange LowSection="*" HighSection="*" />
        </FilePublisherCondition>
      </Conditions>
    </FilePublisherRule>
    <FilePublisherRule Id="3dfb3a62-0680-41a3-8ed6-f74b3ff86660" Name="___MS Recommended Block: MSBUILD.DLL" Description="" UserOrGroupSid="S-1-1-0" Action="Deny">
      <Conditions>
        <FilePublisherCondition PublisherName="O=MICROSOFT CORPORATION, L=REDMOND, S=WASHINGTON, C=US" ProductName="MICROSOFT® BUILD TOOLS®" BinaryName="MSBUILD.DLL">
          <BinaryVersionRange LowSection="*" HighSection="*" />
        </FilePublisherCondition>
      </Conditions>
    </FilePublisherRule>
    <FilePublisherRule Id="b452106b-7341-474a-8ea7-d511e1b9e887" Name="___MS Recommended Block: SYSTEM.MANAGEMENT.AUTOMATION.DLL " Description="" UserOrGroupSid="S-1-1-0" Action="Deny">
      <Conditions>
        <FilePublisherCondition PublisherName="O=MICROSOFT CORPORATION, L=REDMOND, S=WASHINGTON, C=US" ProductName="POWERSHELL" BinaryName="SYSTEM.MANAGEMENT.AUTOMATION.DLL">
          <BinaryVersionRange LowSection="*" HighSection="*" />
        </FilePublisherCondition>
      </Conditions>
    </FilePublisherRule>
    <FilePathRule Id="3e110d28-dbde-47f7-b0ae-c44b52b11b38" Name="[TOGGLE TEMPORARY] Allow Everything in AppData Local (Change path to your username)" Description="--- Always remember to change it back to Deny after finishing.&#xA;---&#xA;An exception is added for signed files so that even when this is set to Deny, it will not override the rule to allow signed files." UserOrGroupSid="S-1-1-0" Action="Deny">
      <Conditions>
        <FilePathCondition Path="C:\Users\WHATEVERUSERNAME\AppData\Local\Temp\*" />
      </Conditions>
      <Exceptions>
        <FilePublisherCondition PublisherName="*" ProductName="*" BinaryName="*">
          <BinaryVersionRange LowSection="*" HighSection="*" />
        </FilePublisherCondition>
      </Exceptions>
    </FilePathRule>
    <FilePathRule Id="f8f1f472-e400-4204-b0b5-dce4290cbd31" Name="___MS Recommended Block: lxssmanager.dll" Description="" UserOrGroupSid="S-1-1-0" Action="Deny">
      <Conditions>
        <FilePathCondition Path="*\lxssmanager.dll" />
      </Conditions>
    </FilePathRule>
    <FilePathRule Id="d08a6c7e-aa39-4d9e-a8fc-81972d1a11a7" Name="___MS Recommended Block: webclnt.dll" Description="" UserOrGroupSid="S-1-1-0" Action="Deny">
      <Conditions>
        <FilePathCondition Path="*\webclnt.dll" />
      </Conditions>
    </FilePathRule>
    <FilePathRule Id="41392fa1-c56e-4baa-b9e4-0e2dae2f184b" Name="___MS Recommended Block: davsvc.dll" Description="" UserOrGroupSid="S-1-1-0" Action="Deny">
      <Conditions>
        <FilePathCondition Path="*\davsvc.dll" />
      </Conditions>
    </FilePathRule>
    <FilePublisherRule Id="a2b2ecb6-03e1-4606-9553-59118ac27a5a" Name="---- Starter Rules: Allow All Signed DLLs" Description="" UserOrGroupSid="S-1-1-0" Action="Allow">
      <Conditions>
        <FilePublisherCondition PublisherName="*" ProductName="*" BinaryName="*">
          <BinaryVersionRange LowSection="0.0.0.0" HighSection="*" />
        </FilePublisherCondition>
      </Conditions>
    </FilePublisherRule>
  </RuleCollection>
  <RuleCollection Type="Exe" EnforcementMode="AuditOnly">
    <FilePublisherRule Id="ee62d0f1-338c-4c7a-bad7-cb65c5a97e8b" Name="___MS Recommended Block: ADDINPROCESS.EXE" Description="" UserOrGroupSid="S-1-1-0" Action="Deny">
      <Conditions>
        <FilePublisherCondition PublisherName="O=MICROSOFT CORPORATION, L=REDMOND, S=WASHINGTON, C=US" ProductName="MICROSOFT® .NET FRAMEWORK" BinaryName="ADDINPROCESS.EXE">
          <BinaryVersionRange LowSection="*" HighSection="*" />
        </FilePublisherCondition>
      </Conditions>
    </FilePublisherRule>
    <FilePublisherRule Id="01139632-e954-46cd-9cbc-db2c063c5a04" Name="___MS Recommended Block: ADDINUTIL.EXE" Description="" UserOrGroupSid="S-1-1-0" Action="Deny">
      <Conditions>
        <FilePublisherCondition PublisherName="O=MICROSOFT CORPORATION, L=REDMOND, S=WASHINGTON, C=US" ProductName="MICROSOFT® .NET FRAMEWORK" BinaryName="ADDINUTIL.EXE">
          <BinaryVersionRange LowSection="*" HighSection="*" />
        </FilePublisherCondition>
      </Conditions>
    </FilePublisherRule>
    <FilePublisherRule Id="406cb1c6-f3c5-4901-a4f7-9571c8611dcc" Name="___MS Recommended Block: ASPNET_COMPILER.EXE" Description="" UserOrGroupSid="S-1-1-0" Action="Deny">
      <Conditions>
        <FilePublisherCondition PublisherName="O=MICROSOFT CORPORATION, L=REDMOND, S=WASHINGTON, C=US" ProductName="MICROSOFT® .NET FRAMEWORK" BinaryName="ASPNET_COMPILER.EXE">
          <BinaryVersionRange LowSection="*" HighSection="*" />
        </FilePublisherCondition>
      </Conditions>
    </FilePublisherRule>
    <FilePublisherRule Id="b1eed5e3-6071-41f5-b2ae-11f2f894d72b" Name="___MS Recommended Block: CDB.EXE" Description="" UserOrGroupSid="S-1-1-0" Action="Deny">
      <Conditions>
        <FilePublisherCondition PublisherName="O=MICROSOFT CORPORATION, L=REDMOND, S=WASHINGTON, C=US" ProductName="MICROSOFT® WINDOWS® OPERATING SYSTEM" BinaryName="CDB.EXE">
          <BinaryVersionRange LowSection="*" HighSection="*" />
        </FilePublisherCondition>
      </Conditions>
    </FilePublisherRule>
    <FilePublisherRule Id="f8c54547-bccd-4e89-bd54-d69e2678d69c" Name="___MS Recommended Block: CSI.EXE" Description="" UserOrGroupSid="S-1-1-0" Action="Deny">
      <Conditions>
        <FilePublisherCondition PublisherName="O=MICROSOFT CORPORATION, L=REDMOND, S=WASHINGTON, C=US" ProductName="" BinaryName="CSI.EXE">
          <BinaryVersionRange LowSection="*" HighSection="*" />
        </FilePublisherCondition>
      </Conditions>
    </FilePublisherRule>
    <FilePublisherRule Id="9471c775-354c-4389-b3fe-93158d8317f4" Name="___MS Recommended Block: CSI.EXE" Description="" UserOrGroupSid="S-1-1-0" Action="Deny">
      <Conditions>
        <FilePublisherCondition PublisherName="O=MICROSOFT CORPORATION, L=REDMOND, S=WASHINGTON, C=US" ProductName="CSI" BinaryName="CSI.EXE">
          <BinaryVersionRange LowSection="*" HighSection="*" />
        </FilePublisherCondition>
      </Conditions>
    </FilePublisherRule>
    <FilePublisherRule Id="b965e638-b076-4450-a176-f0bbfd026879" Name="___MS Recommended Block: .NET HOST" Description="" UserOrGroupSid="S-1-1-0" Action="Deny">
      <Conditions>
        <FilePublisherCondition PublisherName="O=MICROSOFT CORPORATION, L=REDMOND, S=WASHINGTON, C=US" ProductName=".NET" BinaryName=".NET HOST">
          <BinaryVersionRange LowSection="*" HighSection="*" />
        </FilePublisherCondition>
      </Conditions>
    </FilePublisherRule>
    <FilePublisherRule Id="510f2bd3-9090-4f68-817e-6dbd9aaa809e" Name="___MS Recommended Block: FSI.EXE" Description="" UserOrGroupSid="S-1-1-0" Action="Deny">
      <Conditions>
        <FilePublisherCondition PublisherName="O=MICROSOFT CORPORATION, L=REDMOND, S=WASHINGTON, C=US" ProductName="FSI" BinaryName="FSI.EXE">
          <BinaryVersionRange LowSection="*" HighSection="*" />
        </FilePublisherCondition>
      </Conditions>
    </FilePublisherRule>
    <FilePublisherRule Id="0ddcd087-8de6-4d3a-8cd7-cac9ed757e03" Name="___MS Recommended Block: FSIANYCPU.EXE" Description="" UserOrGroupSid="S-1-1-0" Action="Deny">
      <Conditions>
        <FilePublisherCondition PublisherName="O=MICROSOFT CORPORATION, L=REDMOND, S=WASHINGTON, C=US" ProductName="FSIANYCPU" BinaryName="FSIANYCPU.EXE">
          <BinaryVersionRange LowSection="*" HighSection="*" />
        </FilePublisherCondition>
      </Conditions>
    </FilePublisherRule>
    <FilePublisherRule Id="f799b098-c418-4036-88c8-84625e43c042" Name="___MS Recommended Block: MICROSOFT.WORKFLOW.COMPILER.EXE" Description="" UserOrGroupSid="S-1-1-0" Action="Deny">
      <Conditions>
        <FilePublisherCondition PublisherName="O=MICROSOFT CORPORATION, L=REDMOND, S=WASHINGTON, C=US" ProductName="MICROSOFT® .NET FRAMEWORK" BinaryName="MICROSOFT.WORKFLOW.COMPILER.EXE">
          <BinaryVersionRange LowSection="*" HighSection="*" />
        </FilePublisherCondition>
      </Conditions>
    </FilePublisherRule>
    <FilePublisherRule Id="669fd1d3-8425-46f7-963d-eaa77bf83cbf" Name="___MS Recommended Block: MSBUILD.EXE" Description="" UserOrGroupSid="S-1-1-0" Action="Deny">
      <Conditions>
        <FilePublisherCondition PublisherName="O=MICROSOFT CORPORATION, L=REDMOND, S=WASHINGTON, C=US" ProductName="MICROSOFT® .NET FRAMEWORK" BinaryName="MSBUILD.EXE">
          <BinaryVersionRange LowSection="*" HighSection="*" />
        </FilePublisherCondition>
      </Conditions>
    </FilePublisherRule>
    <FilePublisherRule Id="c25ab3fe-4f8e-4b09-a244-4817c4c09181" Name="___MS Recommended Block: NTKD.EXE" Description="" UserOrGroupSid="S-1-1-0" Action="Deny">
      <Conditions>
        <FilePublisherCondition PublisherName="O=MICROSOFT CORPORATION, L=REDMOND, S=WASHINGTON, C=US" ProductName="MICROSOFT® WINDOWS® OPERATING SYSTEM" BinaryName="NTKD.EXE">
          <BinaryVersionRange LowSection="*" HighSection="*" />
        </FilePublisherCondition>
      </Conditions>
    </FilePublisherRule>
    <FilePublisherRule Id="17254ad4-6db8-41e8-b1a5-bea88a2d9a4e" Name="___MS Recommended Block: NTSD.EXE" Description="" UserOrGroupSid="S-1-1-0" Action="Deny">
      <Conditions>
        <FilePublisherCondition PublisherName="O=MICROSOFT CORPORATION, L=REDMOND, S=WASHINGTON, C=US" ProductName="MICROSOFT® WINDOWS® OPERATING SYSTEM" BinaryName="NTSD.EXE">
          <BinaryVersionRange LowSection="*" HighSection="*" />
        </FilePublisherCondition>
      </Conditions>
    </FilePublisherRule>
    <FilePublisherRule Id="2eea0df1-30bc-45bb-bfe8-7914bff504a4" Name="___MS Recommended Block: TEXTTRANSFORM.EXE" Description="" UserOrGroupSid="S-1-1-0" Action="Deny">
      <Conditions>
        <FilePublisherCondition PublisherName="O=MICROSOFT CORPORATION, L=REDMOND, S=WASHINGTON, C=US" ProductName="MICROSOFT® VISUAL STUDIO®" BinaryName="TEXTTRANSFORM.EXE">
          <BinaryVersionRange LowSection="*" HighSection="*" />
        </FilePublisherCondition>
      </Conditions>
    </FilePublisherRule>
    <FilePublisherRule Id="32d3abef-fed1-4fbb-a29e-f18d1394c746" Name="___MS Recommended Block: VISUALUIAVERIFYNATIVE.EXE" Description="" UserOrGroupSid="S-1-1-0" Action="Deny">
      <Conditions>
        <FilePublisherCondition PublisherName="O=MICROSOFT CORPORATION, L=REDMOND, S=WASHINGTON, C=US" ProductName="MICROSOFT® WINDOWS® OPERATING SYSTEM" BinaryName="VISUALUIAVERIFYNATIVE.EXE">
          <BinaryVersionRange LowSection="*" HighSection="*" />
        </FilePublisherCondition>
      </Conditions>
    </FilePublisherRule>
    <FilePublisherRule Id="b85d54f5-cc3f-4617-8301-dac330357efd" Name="___MS Recommended Block: WFC.EXE" Description="" UserOrGroupSid="S-1-1-0" Action="Deny">
      <Conditions>
        <FilePublisherCondition PublisherName="O=MICROSOFT CORPORATION, L=REDMOND, S=WASHINGTON, C=US" ProductName="MICROSOFT® .NET FRAMEWORK" BinaryName="WFC.EXE">
          <BinaryVersionRange LowSection="*" HighSection="*" />
        </FilePublisherCondition>
      </Conditions>
    </FilePublisherRule>
    <FilePublisherRule Id="d1df4051-a24e-45bd-a593-ebfc0a6557f9" Name="___MS Recommended Block: WINDBG.EXE" Description="" UserOrGroupSid="S-1-1-0" Action="Deny">
      <Conditions>
        <FilePublisherCondition PublisherName="O=MICROSOFT CORPORATION, L=REDMOND, S=WASHINGTON, C=US" ProductName="MICROSOFT® WINDOWS® OPERATING SYSTEM" BinaryName="WINDBG.EXE">
          <BinaryVersionRange LowSection="*" HighSection="*" />
        </FilePublisherCondition>
      </Conditions>
    </FilePublisherRule>
    <FilePublisherRule Id="fb60279f-1262-4390-8b77-669a6f9c7203" Name="___MS Recommended Block: BGINFO.EXE, version 4.22.0.0 and below" Description="" UserOrGroupSid="S-1-1-0" Action="Deny">
      <Conditions>
        <FilePublisherCondition PublisherName="O=MICROSOFT CORPORATION, L=REDMOND, S=WASHINGTON, C=US" ProductName="BGINFO" BinaryName="BGINFO.EXE">
          <BinaryVersionRange LowSection="*" HighSection="4.22.0.0" />
        </FilePublisherCondition>
      </Conditions>
    </FilePublisherRule>
    <FilePathRule Id="602bf8c2-2a4f-4009-8cae-94894c9f05ef" Name="[TOGGLE TEMPORARY] Allow Everything in AppData Local (Change path to your username)" Description="--- Always remember to change it back to Deny after finishing. ---&#xA;&#xA;An exception is added for signed files so that even when this is set to Deny, it will not override the rule to allow signed files." UserOrGroupSid="S-1-1-0" Action="Deny">
      <Conditions>
        <FilePathCondition Path="C:\Users\WHATEVERUSERNAME\AppData\Local\Temp\*" />
      </Conditions>
      <Exceptions>
        <FilePublisherCondition PublisherName="*" ProductName="*" BinaryName="*">
          <BinaryVersionRange LowSection="*" HighSection="*" />
        </FilePublisherCondition>
      </Exceptions>
    </FilePathRule>
    <FilePathRule Id="ee5f5841-9b7e-43e7-a5c8-a14d1b682c62" Name="___MS Recommended Block: addinprocess32.exe" Description="" UserOrGroupSid="S-1-1-0" Action="Deny">
      <Conditions>
        <FilePathCondition Path="*\addinprocess32.exe" />
      </Conditions>
    </FilePathRule>
    <FilePathRule Id="954b3253-6c46-442a-a63e-8cd1031c3515" Name="___MS Recommended Block: bash.exe" Description="" UserOrGroupSid="S-1-1-0" Action="Deny">
      <Conditions>
        <FilePathCondition Path="*\bash.exe" />
      </Conditions>
    </FilePathRule>
    <FilePathRule Id="76149f75-1b36-4166-ab52-dbeb8e2124e7" Name="___MS Recommended Block: dbghost.exe" Description="" UserOrGroupSid="S-1-1-0" Action="Deny">
      <Conditions>
        <FilePathCondition Path="*\dbghost.exe" />
      </Conditions>
    </FilePathRule>
    <FilePathRule Id="2bc1d868-d32b-47b8-936b-2a080d1b8924" Name="___MS Recommended Block: dbgsvc.exe" Description="" UserOrGroupSid="S-1-1-0" Action="Deny">
      <Conditions>
        <FilePathCondition Path="*\dbgsvc.exe" />
      </Conditions>
    </FilePathRule>
    <FilePathRule Id="8db6ef73-78ff-4538-8558-05f33337a4ff" Name="___MS Recommended Block: dnx.exe" Description="" UserOrGroupSid="S-1-1-0" Action="Deny">
      <Conditions>
        <FilePathCondition Path="*\dnx.exe" />
      </Conditions>
    </FilePathRule>
    <FilePathRule Id="1f4378cb-8d88-4c90-8747-dcda6d26b989" Name="___MS Recommended Block: infdefaultinstall.exe" Description="" UserOrGroupSid="S-1-1-0" Action="Deny">
      <Conditions>
        <FilePathCondition Path="*\infdefaultinstall.exe" />
      </Conditions>
    </FilePathRule>
    <FilePathRule Id="427d575e-00da-4fa5-8b16-5284525590f5" Name="___MS Recommended Block: kill.exe" Description="" UserOrGroupSid="S-1-1-0" Action="Deny">
      <Conditions>
        <FilePathCondition Path="*\kill.exe" />
      </Conditions>
    </FilePathRule>
    <FilePathRule Id="d9c61376-bbd4-4c43-8ac9-6c7e27793766" Name="___MS Recommended Block: mshta.exe" Description="" UserOrGroupSid="S-1-1-0" Action="Deny">
      <Conditions>
        <FilePathCondition Path="*\mshta.exe" />
      </Conditions>
    </FilePathRule>
    <FilePathRule Id="4385ed03-08b6-4158-bd47-0754085f1fde" Name="___MS Recommended Block: powershellcustomhost.exe" Description="" UserOrGroupSid="S-1-1-0" Action="Deny">
      <Conditions>
        <FilePathCondition Path="*\powershellcustomhost.exe" />
      </Conditions>
    </FilePathRule>
    <FilePathRule Id="2dcbd85a-de2c-42a9-a172-a94f097481d9" Name="___MS Recommended Block: rcsi.exe" Description="" UserOrGroupSid="S-1-1-0" Action="Deny">
      <Conditions>
        <FilePathCondition Path="*\rcsi.exe" />
      </Conditions>
    </FilePathRule>
    <FilePathRule Id="ad85aee0-1938-4497-97e3-bda8c20f4f6a" Name="___MS Recommended Block: runscripthelper.exe" Description="" UserOrGroupSid="S-1-1-0" Action="Deny">
      <Conditions>
        <FilePathCondition Path="*\runscripthelper.exe" />
      </Conditions>
    </FilePathRule>
    <FilePathRule Id="feaea9a5-ad68-4f85-8824-78e6cb013eb2" Name="___MS Recommended Block: wmic.exe" Description="" UserOrGroupSid="S-1-1-0" Action="Deny">
      <Conditions>
        <FilePathCondition Path="*\wmic.exe" />
      </Conditions>
    </FilePathRule>
    <FilePathRule Id="67101119-5ae6-47af-ba06-a613be482d99" Name="___MS Recommended Block: wscript.exe" Description="" UserOrGroupSid="S-1-1-0" Action="Deny">
      <Conditions>
        <FilePathCondition Path="*\wscript.exe" />
      </Conditions>
    </FilePathRule>
    <FilePathRule Id="bd1d34e4-df6e-4fb8-8bd2-9b70b994f2ff" Name="___MS Recommended Block: wsl.exe" Description="" UserOrGroupSid="S-1-1-0" Action="Deny">
      <Conditions>
        <FilePathCondition Path="*\wsl.exe" />
      </Conditions>
    </FilePathRule>
    <FilePathRule Id="9de30778-1d95-4196-861b-0ec9ac91c4da" Name="___MS Recommended Block: wslconfig.exe" Description="" UserOrGroupSid="S-1-1-0" Action="Deny">
      <Conditions>
        <FilePathCondition Path="*\wslconfig.exe" />
      </Conditions>
    </FilePathRule>
    <FilePathRule Id="9c140f4a-46d9-426d-88c4-f052bd477548" Name="___MS Recommended Block: wslhost.exe" Description="" UserOrGroupSid="S-1-1-0" Action="Deny">
      <Conditions>
        <FilePathCondition Path="*\wslhost.exe" />
      </Conditions>
    </FilePathRule>
    <FilePublisherRule Id="1ed68ee9-02ba-4956-9abc-22be38da9bf7" Name="---- Starter Rules: Block PWSH.exe outside Normal Directories (Change the one exception path to use your username)" Description="" UserOrGroupSid="S-1-1-0" Action="Deny">
      <Conditions>
        <FilePublisherCondition PublisherName="O=MICROSOFT CORPORATION, L=REDMOND, S=WASHINGTON, C=US" ProductName="MICROSOFT® WINDOWS® OPERATING SYSTEM" BinaryName="PWSH.EXE">
          <BinaryVersionRange LowSection="*" HighSection="*" />
        </FilePublisherCondition>
      </Conditions>
      <Exceptions>
        <FilePathCondition Path="C:\Program Files\PowerShell\*" />
        <FilePathCondition Path="C:\Program Files\WindowsApps\Microsoft.PowerShell_7.3.6.0_x64__8wekyb3d8bbwe\*" />
        <FilePathCondition Path="C:\Users\WHATEVERUSERNAME\AppData\Local\Microsoft\WindowsApps\*" />
      </Exceptions>
    </FilePublisherRule>
    <FilePublisherRule Id="2febde46-b64c-4daf-be9b-1c3f71d5c55b" Name="---- Starter Rules: Block Powershell ISE Outside Original Paths" Description="" UserOrGroupSid="S-1-1-0" Action="Deny">
      <Conditions>
        <FilePublisherCondition PublisherName="O=MICROSOFT CORPORATION, L=REDMOND, S=WASHINGTON, C=US" ProductName="MICROSOFT® WINDOWS® OPERATING SYSTEM" BinaryName="POWERSHELL_ISE.EXE">
          <BinaryVersionRange LowSection="*" HighSection="*" />
        </FilePublisherCondition>
      </Conditions>
      <Exceptions>
        <FilePathCondition Path="C:\Windows\System32\WindowsPowerShell\*" />
        <FilePathCondition Path="C:\Windows\SysWOW64\WindowsPowerShell\*" />
        <FilePathCondition Path="C:\Windows\WinSxS\*" />
      </Exceptions>
    </FilePublisherRule>
    <FilePublisherRule Id="459459ce-b500-49f5-b1e3-1f9a06ce6ae4" Name="---- Starter Rules: Allow All Signed Executables" Description="" UserOrGroupSid="S-1-1-0" Action="Allow">
      <Conditions>
        <FilePublisherCondition PublisherName="*" ProductName="*" BinaryName="*">
          <BinaryVersionRange LowSection="*" HighSection="*" />
        </FilePublisherCondition>
      </Conditions>
    </FilePublisherRule>
    <FilePublisherRule Id="4f19138b-d37a-4874-a8a8-7cf08cf1d899" Name="---- Starter Rules: Block Powershell Outside Original Paths" Description="" UserOrGroupSid="S-1-1-0" Action="Deny">
      <Conditions>
        <FilePublisherCondition PublisherName="O=MICROSOFT CORPORATION, L=REDMOND, S=WASHINGTON, C=US" ProductName="MICROSOFT® WINDOWS® OPERATING SYSTEM" BinaryName="POWERSHELL.EXE">
          <BinaryVersionRange LowSection="*" HighSection="*" />
        </FilePublisherCondition>
      </Conditions>
      <Exceptions>
        <FilePathCondition Path="C:\Windows\System32\WindowsPowerShell\*" />
        <FilePathCondition Path="C:\Windows\SysWOW64\WindowsPowerShell\*" />
        <FilePathCondition Path="C:\Windows\WinSxS\*" />
      </Exceptions>
    </FilePublisherRule>
    <FilePublisherRule Id="5a885b3f-f697-47f8-aa1a-acfb98af3fa9" Name="---- Starter Rules: Block PWSH Outside Normal Directory (Change the one exception path to use your username)" Description="" UserOrGroupSid="S-1-1-0" Action="Deny">
      <Conditions>
        <FilePublisherCondition PublisherName="O=MICROSOFT CORPORATION, L=REDMOND, S=WASHINGTON, C=US" ProductName="POWERSHELL" BinaryName="PWSH.DLL">
          <BinaryVersionRange LowSection="*" HighSection="*" />
        </FilePublisherCondition>
      </Conditions>
      <Exceptions>
        <FilePathCondition Path="C:\Program Files\PowerShell\*" />
        <FilePathCondition Path="C:\Program Files\WindowsApps\Microsoft.PowerShell_7.3.6.0_x64__8wekyb3d8bbwe\*" />
        <FilePathCondition Path="C:\Users\WHATEVERUSERNAME\AppData\Local\Microsoft\WindowsApps\*" />
      </Exceptions>
    </FilePublisherRule>
    <FilePublisherRule Id="d32cc361-8151-41bb-9042-d150851d9d3a" Name="---- Starter Rules: Block Process Hacker Publisher" Description="Legitimate software but sometimes used and abused by malware." UserOrGroupSid="S-1-1-0" Action="Deny">
      <Conditions>
        <FilePublisherCondition PublisherName="O=WEN JIA LIU, L=SYDNEY, S=NEW SOUTH WALES, C=AU" ProductName="*" BinaryName="*">
          <BinaryVersionRange LowSection="*" HighSection="*" />
        </FilePublisherCondition>
      </Conditions>
    </FilePublisherRule>
    <FilePathRule Id="2acf4e9c-e213-49e6-857c-6b32e436696e" Name="---- Starter Rules: Block *.com With Publisher Exceptions" Description="" UserOrGroupSid="S-1-1-0" Action="Deny">
      <Conditions>
        <FilePathCondition Path="*.com" />
      </Conditions>
      <Exceptions>
        <FilePublisherCondition PublisherName="O=MICROSOFT CORPORATION, L=REDMOND, S=WASHINGTON, C=US" ProductName="*" BinaryName="*">
          <BinaryVersionRange LowSection="*" HighSection="*" />
        </FilePublisherCondition>
        <FilePublisherCondition PublisherName="O=ADOBE INC., L=SAN JOSE, S=CA, C=US" ProductName="ADOBE AFTER EFFECTS 2023" BinaryName="AFTERFX.EXE">
          <BinaryVersionRange LowSection="*" HighSection="*" />
        </FilePublisherCondition>
      </Exceptions>
    </FilePathRule>
    <FilePathRule Id="b15c8ac6-0746-419e-a28e-13a5eb2d59d1" Name="---- Starter Rules: Block All .scr" Description="" UserOrGroupSid="S-1-1-0" Action="Deny">
      <Conditions>
        <FilePathCondition Path="*.scr" />
      </Conditions>
    </FilePathRule>
    <FileHashRule Id="2954382f-ea1b-4c87-ad79-7bf67814e0d1" Name="---- Starter Rules: Block NirCMD" Description="Legitimate software but used and abused by some malware. Various Versions Included" UserOrGroupSid="S-1-1-0" Action="Deny">
      <Conditions>
        <FileHashCondition>
          <FileHash Type="SHA256" Data="0xA34B17A66ABE9402FA73BE0975BD5740AB445A0AF69C451D1195D34B2F7BA214" SourceFileName="nircmd.exe" SourceFileLength="45568" />
          <FileHash Type="SHA256" Data="0x9C45C850FD4CAFB33E3968DC0C0222D0DB118F12688F9F832EB1E131F2E395B0" SourceFileName="nircmdc.exe" SourceFileLength="44544" />
          <FileHash Type="SHA256" Data="0x80E809BB52AFC788F9787795B565E4713CF7BC3F8A2642FD10E23543C6CB88C6" SourceFileName="nircmd.exe" SourceFileLength="119296" />
          <FileHash Type="SHA256" Data="0x483950B5FBC16FB778D9E7B44C6C505220B291A811C0F2C6B2053E921145912E" SourceFileName="nircmdc.exe" SourceFileLength="117248" />
          <FileHash Type="SHA256" Data="0xD9CDFFC752897150F4D524FAAB56FC7118549E6C9A5BD3018356D2F52A503C21" SourceFileName="nircmd (12).exe" SourceFileLength="45568" />
          <FileHash Type="SHA256" Data="0x63C62D1B7A5CF17DF8086D3D19F0416696A57B919F9EB207EB5980029A5C9A02" SourceFileName="nircmd.exe" SourceFileLength="119296" />
          <FileHash Type="SHA256" Data="0x6ACD30CDB2C7421349AC4A04B95B54CBACF3E1D6E659ADE8A060382F34BC59BA" SourceFileName="nircmdc (9).exe" SourceFileLength="44544" />
          <FileHash Type="SHA256" Data="0xE4D7B6C6CF9EDEDAC5A35781590982FCC6A7B3E5434E2A0BBD25878DD878B058" SourceFileName="nircmdc (11).exe" SourceFileLength="117248" />
          <FileHash Type="SHA256" Data="0xD4D1A3C69572D023DC573BC7227AC50F1EF44796AC514F8F8A1A90DD7920F3B9" SourceFileName="nircmd (1).exe" SourceFileLength="45568" />
          <FileHash Type="SHA256" Data="0x6FA33F81DBAF27C16EE3828FF539A8EDBE35DB65DC74A6F6584FFC4E9630C9C8" SourceFileName="nircmd (6).exe" SourceFileLength="118784" />
          <FileHash Type="SHA256" Data="0xFE31B1A8DD290D9BC3D46747B6BB3FFDB553BA1F6B3AB8F3C5BC959C7AD5CC42" SourceFileName="nircmdc (5).exe" SourceFileLength="44544" />
          <FileHash Type="SHA256" Data="0x5BEC64432D38B35DF985C860170B2C82092725A3A27DDC4173483F1FBC927AC7" SourceFileName="nircmdc (7).exe" SourceFileLength="117248" />
          <FileHash Type="SHA256" Data="0xC248EFDF450D7D115DE88BE9C11F35735D4532494AFABB2FB432D4DDACE059F4" SourceFileName="nircmd (16).exe" SourceFileLength="45056" />
          <FileHash Type="SHA256" Data="0x710510FF7AC8120D766C8A475B1D3CC0C9B8995676CFADA5EF5DAD4BCFA68BD8" SourceFileName="nircmd (4).exe" SourceFileLength="116736" />
          <FileHash Type="SHA256" Data="0x3227FFE917BE98C62D4F7CE85AD025F7B9E7D1170DEB60B20CCC26A3B3FC1785" SourceFileName="nircmdc (6).exe" SourceFileLength="44032" />
          <FileHash Type="SHA256" Data="0x521CE1C7F8D27622D6DA9D759733642C7A0AF0229A70B439C5DB1AAD08482F3D" SourceFileName="nircmdc (4).exe" SourceFileLength="115200" />
          <FileHash Type="SHA256" Data="0x4E6D4310B81B957367040AF8D7AE4B36573570E9F63457ABD2FA1CEACE1B5C6C" SourceFileName="nircmd (8).exe" SourceFileLength="44544" />
          <FileHash Type="SHA256" Data="0x191AA8EA62C0F3A285618E9C38853DA6456CA29BAC61FE9DCA2E099BBEBCF9B2" SourceFileName="nircmd (5).exe" SourceFileLength="116736" />
          <FileHash Type="SHA256" Data="0x8ACE2E6B62B813561DCD936D7480F9C26BA341DFFC9C39F2419A8EE82F7F96CB" SourceFileName="nircmdc (3).exe" SourceFileLength="44032" />
          <FileHash Type="SHA256" Data="0xCAF9A6B819431C48D30CBA890B9C710E20073B0472B7D171D88CE2CD8FC8B30F" SourceFileName="nircmdc (2).exe" SourceFileLength="115200" />
          <FileHash Type="SHA256" Data="0xCBAED71715073CB61619F2B4EFB471C35B8E5A89EDE896109A2698B760622F86" SourceFileName="nircmd (9).exe" SourceFileLength="44032" />
          <FileHash Type="SHA256" Data="0x7E91E1858014A03D97F02BDD0FC0CED27B029C1F9DF76E67CA71604FB85C9C16" SourceFileName="nircmd (2).exe" SourceFileLength="115712" />
          <FileHash Type="SHA256" Data="0xFCFE0E13980D870CAC03F52715B18EC783E8CE776DCADBCCF897AFD58FFCF1AC" SourceFileName="nircmdc (10).exe" SourceFileLength="43520" />
          <FileHash Type="SHA256" Data="0x157508FBD66879E6C9E812DB8BA77DB77127883705B4EE0605EC779DA063235A" SourceFileName="nircmdc (1).exe" SourceFileLength="113664" />
          <FileHash Type="SHA256" Data="0x9190E30D24061DB9E5F47AFBBD527BB0BD933604A2220704124F1EED712A64F8" SourceFileName="nircmd (14).exe" SourceFileLength="43520" />
          <FileHash Type="SHA256" Data="0xFDE98AFFF53543D798067019FAEBC049288AFCF3FE9CA7970BF81A57C71B309E" SourceFileName="nircmdc (15).exe" SourceFileLength="42496" />
        </FileHashCondition>
      </Conditions>
    </FileHashRule>
  </RuleCollection>
  <RuleCollection Type="Msi" EnforcementMode="AuditOnly">
    <FilePublisherRule Id="b7af7102-efde-4369-8a89-7a6a392d1473" Name="(Default Rule) All digitally signed Windows Installer files" Description="Allows members of the Everyone group to run digitally signed Windows Installer files." UserOrGroupSid="S-1-1-0" Action="Allow">
      <Conditions>
        <FilePublisherCondition PublisherName="*" ProductName="*" BinaryName="*">
          <BinaryVersionRange LowSection="0.0.0.0" HighSection="*" />
        </FilePublisherCondition>
      </Conditions>
    </FilePublisherRule>
  </RuleCollection>
  <RuleCollection Type="Script" EnforcementMode="AuditOnly">
    <FilePathRule Id="7db12d15-41b3-42b3-ae96-1e2288db9374" Name="[TOGGLE TEMPORARY] Allow Everything in AppData Local (Change path to your username)" Description="--- Always remember to change it back to Deny after finishing. ---&#xA;&#xA;An exception is added for signed files so that even when this is set to Deny, it will not override the rule to allow signed files." UserOrGroupSid="S-1-1-0" Action="Deny">
      <Conditions>
        <FilePathCondition Path="C:\Users\WHATEVERUSERNAME\AppData\Local\Temp\*" />
      </Conditions>
      <Exceptions>
        <FilePublisherCondition PublisherName="*" ProductName="*" BinaryName="*">
          <BinaryVersionRange LowSection="*" HighSection="*" />
        </FilePublisherCondition>
      </Exceptions>
    </FilePathRule>
    <FilePublisherRule Id="34c794cd-d3cf-4028-8aa4-c3f9de1a59ab" Name="---- Starter Rules: Allow All Signed Scripts" Description="" UserOrGroupSid="S-1-1-0" Action="Allow">
      <Conditions>
        <FilePublisherCondition PublisherName="*" ProductName="*" BinaryName="*">
          <BinaryVersionRange LowSection="*" HighSection="*" />
        </FilePublisherCondition>
      </Conditions>
    </FilePublisherRule>
    <FilePathRule Id="1988cf8e-8caa-46ca-878f-d638f0329a8b" Name="---- Starter Rules: Block init.ps1" Description="" UserOrGroupSid="S-1-1-0" Action="Deny">
      <Conditions>
        <FilePathCondition Path="*\init.ps1" />
      </Conditions>
    </FilePathRule>
  </RuleCollection>
</AppLockerPolicy>