<ViewerConfig>
	<QueryConfig>
		<QueryParams>
			<Simple>
				<Channel>Microsoft-Windows-AppLocker/MSI and Script</Channel>
				<RelativeTimeInfo>0</RelativeTimeInfo>
				<Level>1,2,3</Level>
				<BySource>False</BySource>
			</Simple>
		</QueryParams>
		<QueryNode>
			<Name>Blocked MSI &amp; Script Only</Name>
			<QueryList>
				<Query Id="0" Path="Microsoft-Windows-AppLocker/MSI and Script">
					<Select Path="Microsoft-Windows-AppLocker/MSI and Script">*[System[(Level=1  or Level=2 or Level=3)]]</Select>
				</Query>
			</QueryList>
		</QueryNode>
	</QueryConfig>
</ViewerConfig>