<ViewerConfig>
	<QueryConfig>
		<QueryParams>
			<Simple>
				<Channel>Microsoft-Windows-AppLocker/EXE and DLL,Microsoft-Windows-AppLocker/MSI and Script,Microsoft-Windows-AppLocker/Packaged app-Deployment,Microsoft-Windows-AppLocker/Packaged app-Execution</Channel>
				<RelativeTimeInfo>0</RelativeTimeInfo>
				<Level>1,2,3</Level>
				<BySource>False</BySource>
			</Simple>
		</QueryParams>
		<QueryNode>
			<Name LanguageNeutralValue="Applocker">Applocker</Name>
			<SortConfig Asc="0">
				<Column Name="Date and Time" Type="System.DateTime" Path="Event/System/TimeCreated/@SystemTime" Visible="">206</Column>
			</SortConfig>
			<QueryList>
				<Query Id="0" Path="Microsoft-Windows-AppLocker/EXE and DLL">
					<Select Path="Microsoft-Windows-AppLocker/EXE and DLL">*[System[(Level=1  or Level=2 or Level=3)]]</Select>
					<Select Path="Microsoft-Windows-AppLocker/MSI and Script">*[System[(Level=1  or Level=2 or Level=3)]]</Select>
					<Select Path="Microsoft-Windows-AppLocker/Packaged app-Deployment">*[System[(Level=1  or Level=2 or Level=3)]]</Select>
					<Select Path="Microsoft-Windows-AppLocker/Packaged app-Execution">*[System[(Level=1  or Level=2 or Level=3)]]</Select>
				</Query>
			</QueryList>
		</QueryNode>
	</QueryConfig>
	<ResultsConfig>
		<Columns>
			<Column Name="Level" Type="System.String" Path="Event/System/Level" Visible="">161</Column>
			<Column Name="Date and Time" Type="System.DateTime" Path="Event/System/TimeCreated/@SystemTime" Visible="">206</Column>
			<Column Name="Source" Type="System.String" Path="Event/System/Provider/@Name" Visible="">170</Column>
			<Column Name="Event ID" Type="System.UInt32" Path="Event/System/EventID" Visible="">211</Column>
			<Column Name="Task Category" Type="System.String" Path="Event/System/Task" Visible="">190</Column>
			<Column Name="Keywords" Type="System.String" Path="Event/System/Keywords">70</Column>
			<Column Name="Log" Type="System.String" Path="Event/System/Channel">227</Column>
			<Column Name="Process ID" Type="System.UInt32" Path="Event/System/Execution/@ProcessID">70</Column>
			<Column Name="Thread ID" Type="System.UInt32" Path="Event/System/Execution/@ThreadID">70</Column>
			<Column Name="Event Source Name" Type="System.String" Path="Event/System/Provider/@EventSourceName">140</Column>
			<Column Name="Relative Correlation Id" Type="System.Guid" Path="Event/System/Correlation/@RelatedActivityID">140</Column>
			<Column Name="Correlation Id" Type="System.Guid" Path="Event/System/Correlation/@ActivityID">85</Column>
			<Column Name="Operational Code" Type="System.String" Path="Event/System/Opcode">110</Column>
			<Column Name="User" Type="System.String" Path="Event/System/Security/@UserID">50</Column>
			<Column Name="Computer" Type="System.String" Path="Event/System/Computer">170</Column>
			<Column Name="Processor ID" Type="System.UInt32" Path="Event/System/Execution/@ProcessorID">90</Column>
			<Column Name="Session ID" Type="System.UInt32" Path="Event/System/Execution/@SessionID">70</Column>
			<Column Name="Kernel Time" Type="System.UInt32" Path="Event/System/Execution/@KernelTime">80</Column>
			<Column Name="User Time" Type="System.UInt32" Path="Event/System/Execution/@UserTime">70</Column>
			<Column Name="Processor Time" Type="System.UInt32" Path="Event/System/Execution/@ProcessorTime">100</Column>
		</Columns>
	</ResultsConfig>
</ViewerConfig>